,hh2,hh
0,H00101-04-01,1010401
1,H00102-04-01,1020401
2,H00104-04-01,1040401
3,H00110-04-01,1100401
4,H00801-04-01,8010401
5,H01607-04-01,16070401
6,H02110-04-01,21100401
7,H02113-04-01,21130401
8,H02207-04-01,22070401
9,H02310-04-01,23100401
10,H02710-04-01,27100401
11,H02711-04-01,27110401
12,H03005-04-01,30050401
13,H03408-04-01,34080401
14,H03601-04-01,36010401
15,H03602-04-04,36020404
16,H03603-04-05,36030405
17,H03604-04-04,36040404
18,H03604-04-08,36040408
19,H03604-04-09,36040409
20,H03605-04-02,36050402
21,H03607-04-01,36070401
22,H03608-04-01,36080401
23,H03704-04-01,37040401
24,H03705-04-01,37050401
25,H03706-04-01,37060401
26,H03707-04-01,37070401
27,H03709-04-01,37090401
28,H03711-04-02,37110402
29,H03711-04-03,37110403
30,H03807-04-01,38070401
31,H03809-04-01,38090401
32,H03810-04-01,38100401
33,H03902-04-01,39020401
34,H03903-04-01,39030401
35,H03906-04-01,39060401
36,H03907-04-01,39070401
37,H03908-04-01,39080401
38,H03909-04-01,39090401
39,H03909-04-02,39090402
40,H03910-04-01,39100401
41,H04001-04-01,40010401
42,H04002-04-01,40020401
43,H04003-04-01,40030401
44,H04004-04-01,40040401
45,H04005-04-01,40050401
46,H04007-04-01,40070401
47,H04010-04-01,40100401
48,H04011-04-01,40110401
49,H04201-04-01,42010401
50,H04202-04-01,42020401
51,H04203-04-01,42030401
52,H04204-04-01,42040401
53,H04205-04-01,42050401
54,H04206-04-01,42060401
55,H04207-04-01,42070401
56,H04208-04-01,42080401
57,H04208-04-02,42080402
58,H04209-04-01,42090401
59,H04210-04-01,42100401
60,H04508-04-03,45080403
61,H04509-04-01,45090401
62,H04602-04-01,46020401
63,H04603-04-01,46030401
64,H04604-04-01,46040401
65,H04606-04-01,46060401
66,H04606-04-02,46060402
67,H04607-04-01,46070401
68,H04608-04-01,46080401
69,H04609-04-01,46090401
70,H04610-04-01,46100401
71,H04610-04-02,46100402
72,H04610-04-03,46100403
73,H04801-04-01,48010401
74,H04802-04-01,48020401
75,H04802-04-02,48020402
76,H04803-04-02,48030402
77,H04804-04-01,48040401
78,H04805-04-01,48050401
79,H04806-04-01,48060401
80,H04807-04-01,48070401
81,H04808-04-01,48080401
82,H04810-04-01,48100401
83,H04903-04-01,49030401
84,H04905-04-01,49050401
85,H04907-04-01,49070401
86,H04908-04-01,49080401
87,H04909-04-01,49090401
88,H04910-04-01,49100401
89,H04912-04-01,49120401
90,H04913-04-01,49130401
91,H04913-04-02,49130402
92,H04913-04-03,49130403
93,H04913-04-05,49130405
94,H04913-04-06,49130406
95,H05002-04-01,50020401
96,H05003-04-01,50030401
97,H05004-04-01,50040401
98,H05005-04-01,50050401
99,H05006-04-01,50060401
100,H05007-04-01,50070401
101,H05008-04-01,50080401
102,H05009-04-01,50090401
103,H05010-04-01,50100401
104,H05101-04-01,51010401
105,H05102-04-01,51020401
106,H05103-04-01,51030401
107,H05104-04-01,51040401
108,H05105-04-01,51050401
109,H05106-04-01,51060401
110,H05107-04-01,51070401
111,H05108-04-01,51080401
112,H05109-04-01,51090401
113,H05302-04-01,53020401
114,H05303-04-01,53030401
115,H05304-04-01,53040401
116,H05305-04-01,53050401
117,H05305-04-02,53050402
118,H05305-04-03,53050403
119,H05306-04-01,53060401
120,H05306-04-02,53060402
121,H05308-04-01,53080401
122,H05309-04-01,53090401
123,H05310-04-01,53100401
124,H05310-04-02,53100402
125,H05403-04-01,54030401
126,H05404-04-01,54040401
127,H05405-04-01,54050401
128,H05407-04-01,54070401
129,H05407-04-02,54070402
130,H05409-04-01,54090401
131,H05410-04-01,54100401
132,H05412-04-01,54120401
133,H05412-04-02,54120402
134,H05412-04-03,54120403
135,H05701-04-01,57010401
136,H05702-04-01,57020401
137,H05703-04-01,57030401
138,H05704-04-01,57040401
139,H05705-04-01,57050401
140,H05706-04-01,57060401
141,H05707-04-01,57070401
142,H05709-04-01,57090401
143,H05710-04-01,57100401
144,H05711-04-01,57110401
145,H05901-04-01,59010401
146,H05910-04-01,59100401
147,H06001-04-01,60010401
148,H06005-04-01,60050401
149,H06006-04-01,60060401
150,H06008-04-01,60080401
151,H06009-04-01,60090401
152,H06010-04-01,60100401
153,H06101-04-01,61010401
154,H06102-04-01,61020401
155,H06103-04-01,61030401
156,H06104-04-01,61040401
157,H06105-04-01,61050401
158,H06105-04-02,61050402
159,H06107-04-01,61070401
160,H06108-04-01,61080401
161,H06109-04-01,61090401
162,H06110-04-01,61100401
163,H06201-04-01,62010401
164,H06207-04-01,62070401
165,H06208-04-01,62080401
166,H06209-04-01,62090401
167,H06301-04-01,63010401
168,H06302-04-01,63020401
169,H06303-04-01,63030401
170,H06305-04-01,63050401
171,H06306-04-01,63060401
172,H06307-04-01,63070401
173,H06310-04-01,63100401
174,H06310-04-02,63100402
175,H06401-04-01,64010401
176,H06402-04-01,64020401
177,H06403-04-01,64030401
178,H06404-04-01,64040401
179,H06405-04-01,64050401
180,H06406-04-01,64060401
181,H06408-04-01,64080401
182,H06409-04-01,64090401
183,H06410-04-01,64100401
184,H06411-04-01,64110401
185,H06602-04-01,66020401
186,H06603-04-01,66030401
187,H06604-04-01,66040401
188,H06605-04-01,66050401
189,H06606-04-01,66060401
190,H06607-04-01,66070401
191,H06608-04-01,66080401
192,H06609-04-01,66090401
193,H06701-04-01,67010401
194,H06702-04-01,67020401
195,H06703-04-01,67030401
196,H06704-04-01,67040401
197,H06706-04-01,67060401
198,H06707-04-01,67070401
199,H06708-04-01,67080401
200,H06709-04-01,67090401
201,H06710-04-01,67100401
202,H06801-04-01,68010401
203,H06802-04-01,68020401
204,H06803-04-01,68030401
205,H06806-04-01,68060401
206,H06807-04-01,68070401
207,H06810-04-01,68100401
208,H06810-04-02,68100402
209,H06902-04-01,69020401
210,H06903-04-01,69030401
211,H06908-04-01,69080401
212,H06909-04-01,69090401
213,H06911-04-01,69110401
214,H06914-04-01,69140401
215,H07003-04-01,70030401
216,H07007-04-01,70070401
217,H07008-04-01,70080401
218,H07009-04-01,70090401
219,H07010-04-01,70100401
220,H07201-04-01,72010401
221,H07202-04-02,72020402
222,H07203-04-01,72030401
223,H07204-04-01,72040401
224,H07205-04-01,72050401
225,H07206-04-01,72060401
226,H07207-04-01,72070401
227,H07208-04-01,72080401
228,H07208-04-02,72080402
229,H07209-04-01,72090401
230,H07210-04-01,72100401
231,H07302-04-01,73020401
232,H07303-04-01,73030401
233,H07304-04-01,73040401
234,H07306-04-01,73060401
235,H07307-04-01,73070401
236,H07309-04-01,73090401
237,H07310-04-01,73100401
238,H07311-04-01,73110401
239,H07408-04-01,74080401
240,H07408-04-02,74080402
241,H07408-04-03,74080403
242,H07502-04-02,75020402
243,H07502-04-06,75020406
244,H07504-04-01,75040401
245,H07506-04-01,75060401
246,H07508-04-01,75080401
247,H07509-04-01,75090401
248,H07509-04-02,75090402
249,H07509-04-03,75090403
250,H07510-04-01,75100401
251,H08102-04-01,81020401
252,H08102-04-02,81020402
253,H08103-04-01,81030401
254,H08107-04-01,81070401
255,H08301-04-01,83010401
256,H08302-04-01,83020401
257,H08302-04-02,83020402
258,H08302-04-03,83020403
259,H08302-04-04,83020404
260,H08303-04-01,83030401
261,H08304-04-01,83040401
262,H08307-04-02,83070402
263,H08307-04-03,83070403
264,H08308-04-01,83080401
265,H08308-04-03,83080403
266,H08309-04-01,83090401
267,H08310-04-01,83100401
268,H08402-04-01,84020401
269,H08404-04-01,84040401
270,H08405-04-01,84050401
271,H08406-04-01,84060401
272,H08406-04-02,84060402
273,H08406-04-04,84060404
274,H08408-04-01,84080401
275,H08409-04-01,84090401
276,H08409-04-02,84090402
277,H08410-04-01,84100401
278,H08501-04-01,85010401
279,H08502-04-01,85020401
280,H08503-04-01,85030401
281,H08503-04-03,85030403
282,H08504-04-01,85040401
283,H08505-04-01,85050401
284,H08506-04-01,85060401
285,H08507-04-01,85070401
286,H08508-04-01,85080401
287,H08509-04-01,85090401
288,H08510-04-01,85100401
289,H08602-04-01,86020401
290,H08602-04-02,86020402
291,H08602-04-03,86020403
292,H08603-04-01,86030401
293,H08605-04-01,86050401
294,H08609-04-01,86090401
295,H08611-04-01,86110401
296,H08701-04-01,87010401
297,H08703-04-01,87030401
298,H08704-04-01,87040401
299,H08706-04-01,87060401
300,H08707-04-01,87070401
301,H08708-04-01,87080401
302,H08708-04-02,87080402
303,H08709-04-01,87090401
304,H08710-04-01,87100401
305,H08801-04-01,88010401
306,H08802-04-01,88020401
307,H08802-04-02,88020402
308,H08803-04-01,88030401
309,H08804-04-01,88040401
310,H08805-04-01,88050401
311,H08806-04-01,88060401
312,H08810-04-01,88100401
313,H08811-04-01,88110401
314,H09001-04-01,90010401
315,H09003-04-01,90030401
316,H09005-04-01,90050401
317,H09007-04-01,90070401
318,H09008-04-01,90080401
319,H09008-04-02,90080402
320,H09010-04-01,90100401
321,H09101-04-01,91010401
322,H09102-04-01,91020401
323,H09103-04-01,91030401
324,H09105-04-01,91050401
325,H09105-04-02,91050402
326,H09106-04-01,91060401
327,H09108-04-01,91080401
328,H09109-04-01,91090401
329,H09110-04-01,91100401
330,H09111-04-01,91110401
331,H09203-04-01,92030401
332,H09206-04-01,92060401
333,H09208-04-01,92080401
334,H09209-04-01,92090401
335,H09210-04-01,92100401
336,H09410-04-01,94100401
337,H09505-04-01,95050401
338,H09510-04-01,95100401
339,H09608-04-01,96080401
340,H09609-04-01,96090401
341,H09710-04-01,97100401
342,H09909-04-01,99090401
343,H09910-04-01,99100401
344,H10002-04-01,100020401
345,H10004-04-01,100040401
346,H10007-04-01,100070401
347,H10010-04-01,100100401
348,H10201-04-01,102010401
349,H10311-04-01,103110401
350,H10701-04-01,107010401
351,H10701-04-02,107010402
352,H10702-04-01,107020401
353,H10703-04-01,107030401
354,H10704-04-01,107040401
355,H10704-04-02,107040402
356,H10706-04-01,107060401
357,H10706-04-02,107060402
358,H10708-04-01,107080401
359,H10709-04-01,107090401
360,H10710-04-01,107100401
361,H10710-04-04,107100404
362,H10801-04-01,108010401
363,H10802-04-01,108020401
364,H10803-04-01,108030401
365,H10803-04-02,108030402
366,H10803-04-03,108030403
367,H10804-04-01,108040401
368,H10805-04-01,108050401
369,H10806-04-01,108060401
370,H10807-04-01,108070401
371,H10807-04-02,108070402
372,H10809-04-01,108090401
373,H10904-04-01,109040401
374,H10905-04-01,109050401
375,H10906-04-01,109060401
376,H10908-04-01,109080401
377,H10909-04-01,109090401
378,H10909-04-02,109090402
379,H10910-04-01,109100401
380,H11001-04-01,110010401
381,H11002-04-01,110020401
382,H11006-04-01,110060401
383,H11007-04-01,110070401
384,H11009-04-01,110090401
385,H11010-04-01,110100401
386,H11011-04-01,110110401
387,H11502-04-01,115020401
388,H11504-04-01,115040401
389,H11505-04-01,115050401
390,H11507-04-01,115070401
391,H11510-04-01,115100401
392,H11801-04-01,118010401
393,H11804-04-01,118040401
394,H11805-04-01,118050401
395,H11806-04-01,118060401
396,H11807-04-01,118070401
397,H11808-04-01,118080401
398,H11809-04-01,118090401
399,H11810-04-01,118100401
400,H11901-04-01,119010401
401,H11905-04-01,119050401
402,H11907-04-01,119070401
403,H11908-04-01,119080401
404,H11910-04-01,119100401
405,H12001-04-01,120010401
406,H12003-04-02,120030402
407,H12005-04-01,120050401
408,H12006-04-01,120060401
409,H12007-04-01,120070401
410,H12008-04-01,120080401
411,H12008-04-02,120080402
412,H12009-04-01,120090401
413,H12010-04-01,120100401
414,H12011-04-01,120110401
415,H12306-04-01,123060401
416,H12311-04-01,123110401
417,H12402-04-01,124020401
418,H12407-04-01,124070401
419,H12408-04-01,124080401
420,H12409-04-01,124090401
421,H12411-04-01,124110401
422,H12501-04-01,125010401
423,H12502-04-01,125020401
424,H12504-04-01,125040401
425,H12505-04-01,125050401
426,H12506-04-01,125060401
427,H12507-04-01,125070401
428,H12509-04-01,125090401
429,H12510-04-01,125100401
430,H12512-04-01,125120401
431,H12601-04-01,126010401
432,H12603-04-01,126030401
433,H12604-04-01,126040401
434,H12605-04-01,126050401
435,H12606-04-01,126060401
436,H12606-04-02,126060402
437,H12607-04-01,126070401
438,H12609-04-01,126090401
439,H12610-04-01,126100401
440,H12610-04-02,126100402
441,H12611-04-01,126110401
442,H12701-04-01,127010401
443,H12703-04-01,127030401
444,H12704-04-01,127040401
445,H12705-04-01,127050401
446,H12706-04-01,127060401
447,H12707-04-01,127070401
448,H12708-04-01,127080401
449,H12709-04-01,127090401
450,H12710-04-01,127100401
451,H12805-04-01,128050401
452,H12806-04-01,128060401
453,H12808-04-01,128080401
454,H12809-04-01,128090401
455,H12809-04-03,128090403
456,H12810-04-01,128100401
457,H12811-04-01,128110401
458,H12812-04-01,128120401
459,H12901-04-01,129010401
460,H12902-04-02,129020402
461,H12903-04-01,129030401
462,H12904-04-01,129040401
463,H12905-04-01,129050401
464,H12905-04-02,129050402
465,H12906-04-01,129060401
466,H12907-04-01,129070401
467,H12908-04-01,129080401
468,H12909-04-02,129090402
469,H12910-04-01,129100401
470,H13002-04-01,130020401
471,H13003-04-01,130030401
472,H13004-04-01,130040401
473,H13005-04-01,130050401
474,H13006-04-01,130060401
475,H13006-04-02,130060402
476,H13006-04-03,130060403
477,H13006-04-04,130060404
478,H13006-04-05,130060405
479,H13006-04-06,130060406
480,H13007-04-01,130070401
481,H13008-04-01,130080401
482,H13009-04-01,130090401
483,H13010-04-01,130100401
484,H13102-04-01,131020401
485,H13102-04-02,131020402
486,H13103-04-01,131030401
487,H13104-04-01,131040401
488,H13105-04-01,131050401
489,H13105-04-02,131050402
490,H13106-04-01,131060401
491,H13107-04-02,131070402
492,H13107-04-03,131070403
493,H13107-04-04,131070404
494,H13108-04-01,131080401
495,H13109-04-01,131090401
496,H13202-04-01,132020401
497,H13204-04-01,132040401
498,H13205-04-02,132050402
499,H13205-04-04,132050404
500,H13207-04-01,132070401
501,H13208-04-01,132080401
502,H13209-04-01,132090401
503,H13303-04-01,133030401
504,H13306-04-01,133060401
505,H13307-04-01,133070401
506,H13307-04-02,133070402
507,H13308-04-01,133080401
508,H13309-04-01,133090401
509,H13310-04-01,133100401
510,H13310-04-02,133100402
511,H13310-04-03,133100403
512,H13310-04-04,133100404
513,H13310-04-05,133100405
514,H13310-04-06,133100406
515,H13311-04-01,133110401
516,H14001-04-01,140010401
517,H14002-04-01,140020401
518,H14003-04-01,140030401
519,H14003-04-02,140030402
520,H14004-04-01,140040401
521,H14005-04-01,140050401
522,H14006-04-01,140060401
523,H14007-04-01,140070401
524,H14008-04-01,140080401
525,H14009-04-01,140090401
526,H14010-04-01,140100401
527,H14101-04-01,141010401
528,H14104-04-01,141040401
529,H14106-04-01,141060401
530,H14109-04-01,141090401
531,H14110-04-01,141100401
532,H14111-04-01,141110401
533,H14201-04-01,142010401
534,H14202-04-01,142020401
535,H14203-04-01,142030401
536,H14206-04-01,142060401
537,H14207-04-01,142070401
538,H14207-04-02,142070402
539,H14207-04-03,142070403
540,H14208-04-01,142080401
541,H14209-04-01,142090401
542,H14210-04-01,142100401
543,H14301-04-01,143010401
544,H14301-04-02,143010402
545,H14302-04-01,143020401
546,H14302-04-02,143020402
547,H14302-04-03,143020403
548,H14302-04-04,143020404
549,H14303-04-01,143030401
550,H14304-04-01,143040401
551,H14304-04-02,143040402
552,H14304-04-03,143040403
553,H14304-04-04,143040404
554,H14305-04-01,143050401
555,H14306-04-01,143060401
556,H14306-04-02,143060402
557,H14307-04-01,143070401
558,H14308-04-01,143080401
559,H14308-04-02,143080402
560,H14309-04-01,143090401
561,H14309-04-02,143090402
562,H14309-04-03,143090403
563,H14309-04-04,143090404
564,H14309-04-05,143090405
565,H14310-04-01,143100401
566,H14401-04-01,144010401
567,H14402-04-01,144020401
568,H14402-04-02,144020402
569,H14403-04-01,144030401
570,H14404-04-01,144040401
571,H14404-04-02,144040402
572,H14404-04-03,144040403
573,H14405-04-01,144050401
574,H14406-04-01,144060401
575,H14407-04-01,144070401
576,H14407-04-02,144070402
577,H14408-04-01,144080401
578,H14409-04-01,144090401
579,H14410-04-02,144100402
580,H14801-04-01,148010401
581,H14801-04-02,148010402
582,H14802-04-01,148020401
583,H14803-04-01,148030401
584,H14804-04-01,148040401
585,H14805-04-01,148050401
586,H14806-04-01,148060401
587,H14806-04-02,148060402
588,H14806-04-03,148060403
589,H14807-04-01,148070401
590,H14808-04-01,148080401
591,H14808-04-02,148080402
592,H14809-04-01,148090401
593,H14810-04-01,148100401
594,H14903-04-01,149030401
595,H14903-04-02,149030402
596,H14906-04-01,149060401
597,H14907-04-01,149070401
598,H14908-04-01,149080401
599,H14910-04-01,149100401
600,H15002-04-01,150020401
601,H15003-04-01,150030401
602,H15004-04-01,150040401
603,H15005-04-01,150050401
604,H15006-04-01,150060401
605,H15007-04-01,150070401
606,H15007-04-02,150070402
607,H15008-04-01,150080401
608,H15009-04-01,150090401
609,H15010-04-01,150100401
610,H15101-04-01,151010401
611,H15102-04-01,151020401
612,H15103-04-01,151030401
613,H15104-04-01,151040401
614,H15105-04-01,151050401
615,H15106-04-01,151060401
616,H15107-04-01,151070401
617,H15108-04-01,151080401
618,H15109-04-01,151090401
619,H15109-04-02,151090402
620,H15110-04-01,151100401
621,H15301-04-01,153010401
622,H15301-04-02,153010402
623,H15302-04-01,153020401
624,H15304-04-01,153040401
625,H15305-04-01,153050401
626,H15306-04-01,153060401
627,H15308-04-01,153080401
628,H15309-04-01,153090401
629,H15309-04-02,153090402
630,H15310-04-01,153100401
631,H15502-04-01,155020401
632,H15503-04-01,155030401
633,H15504-04-01,155040401
634,H15505-04-01,155050401
635,H15505-04-02,155050402
636,H15506-04-01,155060401
637,H15508-04-01,155080401
638,H15509-04-01,155090401
639,H15510-04-01,155100401
640,H15902-04-01,159020401
641,H15903-04-01,159030401
642,H15904-04-01,159040401
643,H15905-04-01,159050401
644,H15907-04-01,159070401
645,H15908-04-01,159080401
646,H15909-04-01,159090401
647,H15909-04-02,159090402
648,H15909-04-03,159090403
649,H15910-04-01,159100401
650,H16201-04-01,162010401
651,H16201-04-02,162010402
652,H16202-04-01,162020401
653,H16203-04-01,162030401
654,H16204-04-01,162040401
655,H16205-04-01,162050401
656,H16206-04-01,162060401
657,H16207-04-01,162070401
658,H16208-04-01,162080401
659,H16209-04-01,162090401
660,H16210-04-01,162100401
661,H16302-04-01,163020401
662,H16304-04-01,163040401
663,H16305-04-01,163050401
664,H16305-04-02,163050402
665,H16305-04-03,163050403
666,H16306-04-01,163060401
667,H16307-04-01,163070401
668,H16308-04-01,163080401
669,H16308-04-02,163080402
670,H16309-04-01,163090401
671,H16310-04-01,163100401
672,H16401-04-01,164010401
673,H16402-04-01,164020401
674,H16403-04-01,164030401
675,H16404-04-01,164040401
676,H16405-04-01,164050401
677,H16405-04-02,164050402
678,H16406-04-01,164060401
679,H16407-04-01,164070401
680,H16408-04-01,164080401
681,H16409-04-01,164090401
682,H16409-04-02,164090402
683,H16409-04-03,164090403
684,H16409-04-04,164090404
685,H16410-04-01,164100401
686,H16501-04-01,165010401
687,H16501-04-02,165010402
688,H16502-04-01,165020401
689,H16503-04-01,165030401
690,H16505-04-01,165050401
691,H16505-04-02,165050402
692,H16506-04-01,165060401
693,H16507-04-01,165070401
694,H16508-04-01,165080401
695,H16509-04-01,165090401
696,H16510-04-01,165100401
697,H16604-04-01,166040401
698,H16606-04-01,166060401
699,H16607-04-01,166070401
700,H16609-04-01,166090401
701,H16611-04-01,166110401
702,H16701-04-01,167010401
703,H16702-04-01,167020401
704,H16703-04-01,167030401
705,H16704-04-01,167040401
706,H16704-04-02,167040402
707,H16705-04-01,167050401
708,H16707-04-01,167070401
709,H16708-04-01,167080401
710,H16709-04-01,167090401
711,H16710-04-01,167100401
712,H16802-04-01,168020401
713,H16803-04-01,168030401
714,H16804-04-01,168040401
715,H16804-04-03,168040403
716,H16806-04-01,168060401
717,H16806-04-02,168060402
718,H16807-04-01,168070401
719,H16808-04-01,168080401
720,H16809-04-01,168090401
721,H16809-04-02,168090402
722,H16809-04-03,168090403
723,H16810-04-01,168100401
724,H17002-04-01,170020401
725,H17003-04-01,170030401
726,H17005-04-01,170050401
727,H17006-04-01,170060401
728,H17007-04-01,170070401
729,H17007-04-02,170070402
730,H17008-04-01,170080401
731,H17009-04-01,170090401
732,H17009-04-02,170090402
733,H17010-04-01,170100401
734,H17102-04-01,171020401
735,H17103-04-01,171030401
736,H17105-04-01,171050401
737,H17107-04-01,171070401
738,H17108-04-01,171080401
739,H17109-04-01,171090401
740,H17110-04-01,171100401
741,H17202-04-01,172020401
742,H17203-04-01,172030401
743,H17204-04-01,172040401
744,H17205-04-01,172050401
745,H17206-04-01,172060401
746,H17207-04-01,172070401
747,H17208-04-01,172080401
748,H17210-04-01,172100401
749,H17301-04-01,173010401
750,H17302-04-01,173020401
751,H17308-04-01,173080401
752,H17309-04-01,173090401
753,H17310-04-01,173100401
754,H17401-04-01,174010401
755,H17401-04-02,174010402
756,H17403-04-01,174030401
757,H17404-04-01,174040401
758,H17406-04-01,174060401
759,H17408-04-01,174080401
760,H17409-04-01,174090401
761,H17410-04-01,174100401
762,H17502-04-01,175020401
763,H17503-04-01,175030401
764,H17504-04-02,175040402
765,H17506-04-01,175060401
766,H17507-04-01,175070401
767,H17508-04-01,175080401
768,H17509-04-01,175090401
769,H17511-04-01,175110401
770,H17511-04-02,175110402
771,H17511-04-03,175110403
772,H17601-04-01,176010401
773,H17602-04-01,176020401
774,H17604-04-01,176040401
775,H17605-04-01,176050401
776,H17606-04-01,176060401
777,H17608-04-01,176080401
778,H17608-04-02,176080402
779,H17609-04-01,176090401
780,H17610-04-01,176100401
781,H17701-04-01,177010401
782,H17703-04-01,177030401
783,H17704-04-01,177040401
784,H17707-04-02,177070402
785,H17707-04-03,177070403
786,H17707-04-04,177070404
787,H17708-04-01,177080401
788,H17708-04-02,177080402
789,H17709-04-01,177090401
790,H17710-04-01,177100401
791,H18001-04-01,180010401
792,H18001-04-02,180010402
793,H18005-04-01,180050401
794,H18010-04-01,180100401
795,H18011-04-01,180110401
796,H18013-04-01,180130401
797,H18102-04-01,181020401
798,H18103-04-01,181030401
799,H18103-04-02,181030402
800,H18104-04-01,181040401
801,H18104-04-02,181040402
802,H18104-04-03,181040403
803,H18104-04-04,181040404
804,H18105-04-01,181050401
805,H18106-04-01,181060401
806,H18107-04-01,181070401
807,H18108-04-01,181080401
808,H18109-04-01,181090401
809,H18110-04-01,181100401
810,H18201-04-01,182010401
811,H18202-04-02,182020402
812,H18202-04-03,182020403
813,H18202-04-04,182020404
814,H18202-04-05,182020405
815,H18202-04-06,182020406
816,H18203-04-01,182030401
817,H18204-04-01,182040401
818,H18204-04-02,182040402
819,H18205-04-01,182050401
820,H18205-04-02,182050402
821,H18206-04-01,182060401
822,H18206-04-02,182060402
823,H18207-04-01,182070401
824,H18207-04-02,182070402
825,H18208-04-01,182080401
826,H18209-04-01,182090401
827,H18209-04-02,182090402
828,H18210-04-01,182100401
829,H18210-04-02,182100402
830,H18210-04-03,182100403
831,H18210-04-05,182100405
832,H18301-04-01,183010401
833,H18301-04-02,183010402
834,H18301-04-03,183010403
835,H18301-04-04,183010404
836,H18301-04-05,183010405
837,H18301-04-06,183010406
838,H18301-04-07,183010407
839,H18302-04-01,183020401
840,H18303-04-01,183030401
841,H18305-04-01,183050401
842,H18306-04-01,183060401
843,H18307-04-01,183070401
844,H18308-04-01,183080401
845,H18309-04-01,183090401
846,H18311-04-01,183110401
847,H18601-04-01,186010401
848,H18601-04-02,186010402
849,H18601-04-03,186010403
850,H18601-04-04,186010404
851,H18602-04-01,186020401
852,H18603-04-01,186030401
853,H18604-04-01,186040401
854,H18605-04-01,186050401
855,H18606-04-01,186060401
856,H18607-04-01,186070401
857,H18608-04-01,186080401
858,H18609-04-01,186090401
859,H18610-04-01,186100401
860,H18708-04-01,187080401
861,H18712-04-01,187120401
862,H18801-04-01,188010401
863,H18801-04-02,188010402
864,H18802-04-01,188020401
865,H18803-04-01,188030401
866,H18804-04-01,188040401
867,H18805-04-01,188050401
868,H18806-04-01,188060401
869,H18806-04-02,188060402
870,H18806-04-03,188060403
871,H18807-04-01,188070401
872,H18808-04-01,188080401
873,H18808-04-02,188080402
874,H18808-04-03,188080403
875,H18809-04-01,188090401
876,H18810-04-01,188100401
877,H18901-04-01,189010401
878,H18902-04-01,189020401
879,H18904-04-01,189040401
880,H18905-04-01,189050401
881,H18907-04-01,189070401
882,H18908-04-01,189080401
883,H18909-04-01,189090401
884,H18910-04-01,189100401
885,H19001-04-01,190010401
886,H19001-04-02,190010402
887,H19002-04-01,190020401
888,H19004-04-01,190040401
889,H19005-04-01,190050401
890,H19006-04-01,190060401
891,H19007-04-01,190070401
892,H19008-04-01,190080401
893,H19008-04-02,190080402
894,H19008-04-03,190080403
895,H19008-04-04,190080404
896,H19009-04-01,190090401
897,H19010-04-01,190100401
898,H19101-04-01,191010401
899,H19102-04-01,191020401
900,H19103-04-01,191030401
901,H19104-04-01,191040401
902,H19105-04-01,191050401
903,H19106-04-01,191060401
904,H19107-04-01,191070401
905,H19107-04-02,191070402
906,H19107-04-03,191070403
907,H19108-04-01,191080401
908,H19108-04-02,191080402
909,H19108-04-03,191080403
910,H19109-04-01,191090401
911,H19110-04-01,191100401
912,H19201-04-01,192010401
913,H19203-04-01,192030401
914,H19204-04-01,192040401
915,H19205-04-01,192050401
916,H19205-04-03,192050403
917,H19207-04-01,192070401
918,H19208-04-01,192080401
919,H19210-04-01,192100401
920,H19211-04-01,192110401
921,H19212-04-01,192120401
922,H19212-04-02,192120402
923,H19402-04-01,194020401
924,H19406-04-01,194060401
925,H19409-04-01,194090401
926,H19501-04-01,195010401
927,H19502-04-01,195020401
928,H19504-04-01,195040401
929,H19505-04-01,195050401
930,H19506-04-01,195060401
931,H19507-04-01,195070401
932,H19508-04-01,195080401
933,H19509-04-01,195090401
934,H19510-04-01,195100401
935,H19602-04-01,196020401
936,H19602-04-02,196020402
937,H19603-04-01,196030401
938,H19604-04-01,196040401
939,H19609-04-01,196090401
940,H19610-04-01,196100401
941,H19702-04-01,197020401
942,H19702-04-04,197020404
943,H19703-04-01,197030401
944,H19704-04-01,197040401
945,H19705-04-01,197050401
946,H19707-04-01,197070401
947,H19708-04-01,197080401
948,H19709-04-01,197090401
949,H19710-04-01,197100401
950,H19711-04-01,197110401
951,H20002-04-01,200020401
952,H20003-04-01,200030401
953,H20004-04-01,200040401
954,H20005-04-01,200050401
955,H20005-04-02,200050402
956,H20006-04-01,200060401
957,H20007-04-01,200070401
958,H20009-04-01,200090401
959,H20010-04-01,200100401
960,H20010-04-02,200100402
961,H20011-04-01,200110401
962,H20201-04-01,202010401
963,H20202-04-01,202020401
964,H20203-04-01,202030401
965,H20203-04-02,202030402
966,H20205-04-01,202050401
967,H20206-04-01,202060401
968,H20207-04-01,202070401
969,H20207-04-02,202070402
970,H20208-04-01,202080401
971,H20209-04-01,202090401
972,H20210-04-01,202100401
973,H20210-04-02,202100402
974,H20210-04-03,202100403
975,H20301-04-01,203010401
976,H20302-04-01,203020401
977,H20303-04-01,203030401
978,H20304-04-01,203040401
979,H20305-04-01,203050401
980,H20306-04-01,203060401
981,H20307-04-01,203070401
982,H20309-04-01,203090401
983,H20310-04-01,203100401
984,H20310-04-02,203100402
985,H20401-04-01,204010401
986,H20402-04-01,204020401
987,H20403-04-01,204030401
988,H20404-04-01,204040401
989,H20406-04-01,204060401
990,H20407-04-01,204070401
991,H20408-04-01,204080401
992,H20409-04-01,204090401
993,H20411-04-01,204110401
994,H20503-04-01,205030401
995,H20504-04-01,205040401
996,H20507-04-02,205070402
997,H20508-04-01,205080401
998,H20509-04-01,205090401
999,H20601-04-02,206010402
1000,H20602-04-01,206020401
1001,H20603-04-02,206030402
1002,H20604-04-01,206040401
1003,H20606-04-01,206060401
1004,H20606-04-02,206060402
1005,H20607-04-01,206070401
1006,H20608-04-01,206080401
1007,H20609-04-02,206090402
1008,H20610-04-02,206100402
1009,H20610-04-03,206100403
1010,H20610-04-04,206100404
1011,H20611-04-02,206110402
1012,H20801-04-01,208010401
1013,H20802-04-01,208020401
1014,H20803-04-01,208030401
1015,H20804-04-01,208040401
1016,H20805-04-01,208050401
1017,H20805-04-02,208050402
1018,H20807-04-01,208070401
1019,H20809-04-01,208090401
1020,H20810-04-01,208100401
1021,H20811-04-01,208110401
1022,H20811-04-02,208110402
1023,H20811-04-03,208110403
1024,H20811-04-04,208110404
1025,H20902-04-01,209020401
1026,H20903-04-02,209030402
1027,H20903-04-03,209030403
1028,H20904-04-01,209040401
1029,H20905-04-01,209050401
1030,H20905-04-02,209050402
1031,H20906-04-01,209060401
1032,H20906-04-03,209060403
1033,H20907-04-01,209070401
1034,H20908-04-01,209080401
1035,H20909-04-01,209090401
1036,H20910-04-01,209100401
1037,H21101-04-01,211010401
1038,H21102-04-02,211020402
1039,H21103-04-01,211030401
1040,H21105-04-01,211050401
1041,H21106-04-01,211060401
1042,H21107-04-01,211070401
1043,H21108-04-01,211080401
1044,H21109-04-01,211090401
1045,H21110-04-01,211100401
1046,H21401-04-01,214010401
1047,H21401-04-02,214010402
1048,H21402-04-01,214020401
1049,H21403-04-01,214030401
1050,H21404-04-01,214040401
1051,H21405-04-01,214050401
1052,H21406-04-01,214060401
1053,H21407-04-01,214070401
1054,H21408-04-01,214080401
1055,H21409-04-01,214090401
1056,H21410-04-01,214100401
1057,H21501-04-01,215010401
1058,H21502-04-01,215020401
1059,H21503-04-01,215030401
1060,H21505-04-01,215050401
1061,H21506-04-01,215060401
1062,H21507-04-01,215070401
1063,H21509-04-01,215090401
1064,H21510-04-01,215100401
1065,H21601-04-01,216010401
1066,H21602-04-01,216020401
1067,H21603-04-01,216030401
1068,H21608-04-01,216080401
1069,H21609-04-01,216090401
1070,H21610-04-01,216100401
1071,H21612-04-01,216120401
1072,H21701-04-01,217010401
1073,H21704-04-01,217040401
1074,H21705-04-01,217050401
1075,H21706-04-01,217060401
1076,H21708-04-01,217080401
1077,H21709-04-01,217090401
1078,H21710-04-01,217100401
1079,H21711-04-01,217110401
1080,H22002-04-01,220020401
1081,H22004-04-01,220040401
1082,H22004-04-04,220040404
1083,H22006-04-01,220060401
1084,H22014-04-01,220140401
1085,H22101-04-01,221010401
1086,H22102-04-02,221020402
1087,H22103-04-01,221030401
1088,H22105-04-01,221050401
1089,H22106-04-01,221060401
1090,H22109-04-01,221090401
1091,H22110-04-02,221100402
1092,H22110-04-03,221100403
1093,H22110-04-04,221100404
1094,H22110-04-05,221100405
1095,H22110-04-06,221100406
1096,H22111-04-01,221110401
1097,H22302-04-01,223020401
1098,H22303-04-01,223030401
1099,H22303-04-02,223030402
1100,H22303-04-03,223030403
1101,H22303-04-04,223030404
1102,H22305-04-01,223050401
1103,H22306-04-01,223060401
1104,H22307-04-01,223070401
1105,H22308-04-01,223080401
1106,H22309-04-01,223090401
1107,H22309-04-02,223090402
1108,H22310-04-01,223100401
1109,H22401-04-01,224010401
1110,H22401-04-02,224010402
1111,H22406-04-01,224060401
1112,H22407-04-01,224070401
1113,H22407-04-02,224070402
1114,H22408-04-01,224080401
1115,H22409-04-01,224090401
1116,H22410-04-01,224100401
1117,H22501-04-01,225010401
1118,H22502-04-01,225020401
1119,H22502-04-02,225020402
1120,H22503-04-01,225030401
1121,H22503-04-02,225030402
1122,H22504-04-01,225040401
1123,H22505-04-01,225050401
1124,H22506-04-01,225060401
1125,H22507-04-01,225070401
1126,H22509-04-01,225090401
1127,H22510-04-01,225100401
1128,H22802-04-01,228020401
1129,H22803-04-01,228030401
1130,H22805-04-01,228050401
1131,H22806-04-01,228060401
1132,H22807-04-01,228070401
1133,H23101-04-01,231010401
1134,H23102-04-01,231020401
1135,H23103-04-01,231030401
1136,H23103-04-02,231030402
1137,H23104-04-01,231040401
1138,H23104-04-02,231040402
1139,H23105-04-01,231050401
1140,H23106-04-01,231060401
1141,H23107-04-01,231070401
1142,H23108-04-01,231080401
1143,H23109-04-01,231090401
1144,H23109-04-03,231090403
1145,H23110-04-01,231100401
1146,H23301-04-01,233010401
1147,H23302-04-01,233020401
1148,H23303-04-01,233030401
1149,H23304-04-01,233040401
1150,H23306-04-01,233060401
1151,H23307-04-01,233070401
1152,H23308-04-01,233080401
1153,H23310-04-01,233100401
1154,H23312-04-01,233120401
1155,H23401-04-01,234010401
1156,H23402-04-01,234020401
1157,H23404-04-01,234040401
1158,H23405-04-01,234050401
1159,H23406-04-01,234060401
1160,H23407-04-01,234070401
1161,H23407-04-02,234070402
1162,H23408-04-01,234080401
1163,H23411-04-01,234110401
1164,H23412-04-01,234120401
1165,H23502-04-01,235020401
1166,H23503-04-01,235030401
1167,H23503-04-02,235030402
1168,H23503-04-03,235030403
1169,H23503-04-04,235030404
1170,H23504-04-01,235040401
1171,H23505-04-01,235050401
1172,H23506-04-01,235060401
1173,H23506-04-02,235060402
1174,H23507-04-01,235070401
1175,H23508-04-01,235080401
1176,H23509-04-01,235090401
1177,H23509-04-03,235090403
1178,H23510-04-01,235100401
1179,H23510-04-02,235100402
1180,H23513-04-01,235130401
1181,H23601-04-01,236010401
1182,H23601-04-02,236010402
1183,H23601-04-03,236010403
1184,H23603-04-01,236030401
1185,H23604-04-01,236040401
1186,H23605-04-01,236050401
1187,H23606-04-01,236060401
1188,H23607-04-01,236070401
1189,H23607-04-02,236070402
1190,H23607-04-03,236070403
1191,H23607-04-04,236070404
1192,H23607-04-05,236070405
1193,H23608-04-01,236080401
1194,H23610-04-01,236100401
1195,H23701-04-01,237010401
1196,H23701-04-02,237010402
1197,H23702-04-01,237020401
1198,H23703-04-01,237030401
1199,H23705-04-01,237050401
1200,H23707-04-01,237070401
1201,H23708-04-01,237080401
1202,H23708-04-02,237080402
1203,H23709-04-01,237090401
1204,H23710-04-01,237100401
1205,H23710-04-02,237100402
1206,H23801-04-01,238010401
1207,H23802-04-01,238020401
1208,H23804-04-01,238040401
1209,H23806-04-01,238060401
1210,H23808-04-01,238080401
1211,H23809-04-01,238090401
1212,H23810-04-01,238100401
1213,H23811-04-01,238110401
1214,H23812-04-01,238120401
1215,H23813-04-01,238130401
1216,H23901-04-01,239010401
1217,H23902-04-01,239020401
1218,H23903-04-01,239030401
1219,H23904-04-01,239040401
1220,H23905-04-01,239050401
1221,H23905-04-02,239050402
1222,H23906-04-01,239060401
1223,H23907-04-01,239070401
1224,H23909-04-01,239090401
1225,H24201-04-01,242010401
1226,H24202-04-01,242020401
1227,H24203-04-01,242030401
1228,H24203-04-02,242030402
1229,H24204-04-01,242040401
1230,H24205-04-01,242050401
1231,H24205-04-02,242050402
1232,H24206-04-01,242060401
1233,H24207-04-01,242070401
1234,H24208-04-01,242080401
1235,H24209-04-01,242090401
1236,H24209-04-02,242090402
1237,H24210-04-01,242100401
1238,H24210-04-02,242100402
1239,H24401-04-01,244010401
1240,H24401-04-02,244010402
1241,H24403-04-01,244030401
1242,H24403-04-02,244030402
1243,H24407-04-01,244070401
1244,H24409-04-01,244090401
1245,H24411-04-01,244110401
1246,H24502-04-01,245020401
1247,H24505-04-01,245050401
1248,H24506-04-01,245060401
1249,H24506-04-02,245060402
1250,H24507-04-01,245070401
1251,H24509-04-01,245090401
1252,H24510-04-01,245100401
1253,H24511-04-01,245110401
1254,H24512-04-01,245120401
1255,H24601-04-01,246010401
1256,H24603-04-01,246030401
1257,H24604-04-01,246040401
1258,H24605-04-01,246050401
1259,H24606-04-01,246060401
1260,H24608-04-01,246080401
1261,H24610-04-01,246100401
1262,H24802-04-01,248020401
1263,H24802-04-02,248020402
1264,H24803-04-01,248030401
1265,H24804-04-01,248040401
1266,H24805-04-01,248050401
1267,H24806-04-01,248060401
1268,H24808-04-01,248080401
1269,H24809-04-01,248090401
1270,H24811-04-01,248110401
1271,H25001-04-01,250010401
1272,H25002-04-01,250020401
1273,H25004-04-01,250040401
1274,H25005-04-01,250050401
1275,H25008-04-01,250080401
1276,H25009-04-01,250090401
1277,H25011-04-01,250110401
1278,H25201-04-01,252010401
1279,H25201-04-02,252010402
1280,H25203-04-01,252030401
1281,H25204-04-01,252040401
1282,H25204-04-02,252040402
1283,H25208-04-01,252080401
1284,H25209-04-01,252090401
1285,H25210-04-01,252100401
1286,H25401-04-01,254010401
1287,H25402-04-01,254020401
1288,H25402-04-02,254020402
1289,H25403-04-01,254030401
1290,H25403-04-02,254030402
1291,H25404-04-01,254040401
1292,H25406-04-01,254060401
1293,H25407-04-01,254070401
1294,H25408-04-01,254080401
1295,H25409-04-01,254090401
1296,H25410-04-01,254100401
1297,H25410-04-02,254100402
1298,H25601-04-01,256010401
1299,H25602-04-01,256020401
1300,H25603-04-01,256030401
1301,H25605-04-01,256050401
1302,H25606-04-01,256060401
1303,H25607-04-01,256070401
1304,H25608-04-01,256080401
1305,H25609-04-01,256090401
1306,H25609-04-02,256090402
1307,H25609-04-04,256090404
1308,H25609-04-05,256090405
1309,H25610-04-01,256100401
1310,H25610-04-02,256100402
1311,H25610-04-03,256100403
1312,H25702-04-01,257020401
1313,H25703-04-02,257030402
1314,H25704-04-01,257040401
1315,H25705-04-01,257050401
1316,H25705-04-02,257050402
1317,H25706-04-01,257060401
1318,H25706-04-02,257060402
1319,H25707-04-01,257070401
1320,H25708-04-01,257080401
1321,H25709-04-01,257090401
1322,H25902-04-01,259020401
1323,H25903-04-01,259030401
1324,H25903-04-02,259030402
1325,H25903-04-04,259030404
1326,H25904-04-01,259040401
1327,H25905-04-01,259050401
1328,H25906-04-01,259060401
1329,H25906-04-02,259060402
1330,H25907-04-01,259070401
1331,H25908-04-01,259080401
1332,H25909-04-01,259090401
1333,H25910-04-01,259100401
1334,H26009-04-01,260090401
1335,H26009-04-02,260090402
1336,H26009-04-03,260090403
1337,H26009-04-04,260090404
1338,H26009-04-05,260090405
1339,H26010-04-01,260100401
1340,H26012-04-01,260120401
1341,H26102-04-02,261020402
1342,H26106-04-01,261060401
1343,H26106-04-02,261060402
1344,H26107-04-01,261070401
1345,H26108-04-01,261080401
1346,H26109-04-01,261090401
1347,H26110-04-01,261100401
1348,H26111-04-01,261110401
1349,H26201-04-01,262010401
1350,H26201-04-03,262010403
1351,H26203-04-01,262030401
1352,H26204-04-01,262040401
1353,H26205-04-01,262050401
1354,H26206-04-01,262060401
1355,H26206-04-02,262060402
1356,H26207-04-01,262070401
1357,H26208-04-01,262080401
1358,H26209-04-01,262090401
1359,H26209-04-03,262090403
1360,H26209-04-04,262090404
1361,H26210-04-01,262100401
1362,H26302-04-01,263020401
1363,H26304-04-01,263040401
1364,H26305-04-01,263050401
1365,H26307-04-01,263070401
1366,H26308-04-01,263080401
1367,H26309-04-01,263090401
1368,H26311-04-01,263110401
1369,H26405-04-01,264050401
1370,H26406-04-01,264060401
1371,H26407-04-01,264070401
1372,H26410-04-01,264100401
1373,H26411-04-01,264110401
1374,H26411-04-03,264110403
1375,H26411-04-04,264110404
1376,H26416-04-01,264160401
1377,H26502-04-01,265020401
1378,H26502-04-03,265020403
1379,H26504-04-01,265040401
1380,H26505-04-01,265050401
1381,H26506-04-01,265060401
1382,H26509-04-01,265090401
1383,H26511-04-01,265110401
1384,H26602-04-01,266020401
1385,H26602-04-02,266020402
1386,H26603-04-01,266030401
1387,H26603-04-02,266030402
1388,H26603-04-03,266030403
1389,H26605-04-01,266050401
1390,H26607-04-01,266070401
1391,H26608-04-01,266080401
1392,H26609-04-01,266090401
1393,H26610-04-01,266100401
1394,H27004-04-01,270040401
1395,H27005-04-01,270050401
1396,H27006-04-01,270060401
1397,H27007-04-01,270070401
1398,H27008-04-01,270080401
1399,H27010-04-01,270100401
1400,H27102-04-01,271020401
1401,H27103-04-01,271030401
1402,H27104-04-01,271040401
1403,H27106-04-01,271060401
1404,H27106-04-02,271060402
1405,H27107-04-01,271070401
1406,H27108-04-01,271080401
1407,H27110-04-01,271100401
1408,H27402-04-01,274020401
1409,H27402-04-02,274020402
1410,H27403-04-01,274030401
1411,H27404-04-01,274040401
1412,H27404-04-02,274040402
1413,H27406-04-01,274060401
1414,H27407-04-01,274070401
1415,H27408-04-01,274080401
1416,H27409-04-01,274090401
1417,H27410-04-01,274100401
1418,H27801-04-01,278010401
1419,H27802-04-01,278020401
1420,H27803-04-01,278030401
1421,H27804-04-01,278040401
1422,H27805-04-01,278050401
1423,H27805-04-02,278050402
1424,H27806-04-01,278060401
1425,H27806-04-02,278060402
1426,H27807-04-01,278070401
1427,H27808-04-01,278080401
1428,H27808-04-02,278080402
1429,H27810-04-01,278100401
1430,H27901-04-01,279010401
1431,H27902-04-01,279020401
1432,H27903-04-01,279030401
1433,H27904-04-01,279040401
1434,H27905-04-01,279050401
1435,H27906-04-01,279060401
1436,H27907-04-01,279070401
1437,H27907-04-02,279070402
1438,H27908-04-01,279080401
1439,H27908-04-02,279080402
1440,H27909-04-01,279090401
1441,H27910-04-01,279100401
1442,H28003-04-01,280030401
1443,H28006-04-01,280060401
1444,H28007-04-01,280070401
1445,H28102-04-01,281020401
1446,H28104-04-01,281040401
1447,H28105-04-01,281050401
1448,H28106-04-01,281060401
1449,H28107-04-01,281070401
1450,H28108-04-01,281080401
1451,H28108-04-02,281080402
1452,H28109-04-01,281090401
1453,H28109-04-02,281090402
1454,H28110-04-01,281100401
1455,H28202-04-01,282020401
1456,H28205-04-01,282050401
1457,H28206-04-01,282060401
1458,H28207-04-01,282070401
1459,H28207-04-02,282070402
1460,H28209-04-01,282090401
1461,H28210-04-01,282100401
1462,H28211-04-01,282110401
1463,H28310-04-01,283100401
1464,H28501-04-01,285010401
1465,H28502-04-01,285020401
1466,H28503-04-01,285030401
1467,H28504-04-01,285040401
1468,H28505-04-01,285050401
1469,H28505-04-03,285050403
1470,H28506-04-01,285060401
1471,H28508-04-01,285080401
1472,H28509-04-01,285090401
1473,H28510-04-01,285100401
1474,H28511-04-01,285110401
1475,H28702-04-01,287020401
1476,H28705-04-01,287050401
1477,H28706-04-01,287060401
1478,H28709-04-01,287090401
1479,H28710-04-01,287100401
1480,H29002-04-01,290020401
1481,H29003-04-01,290030401
1482,H29004-04-01,290040401
1483,H29005-04-01,290050401
1484,H29006-04-01,290060401
1485,H29101-04-01,291010401
1486,H29202-04-01,292020401
1487,H29205-04-01,292050401
1488,H29209-04-01,292090401
1489,H29210-04-01,292100401
1490,H29401-04-01,294010401
1491,H29402-04-01,294020401
1492,H29403-04-01,294030401
1493,H29404-04-01,294040401
1494,H29407-04-01,294070401
1495,H29408-04-01,294080401
1496,H29409-04-01,294090401
1497,H29410-04-01,294100401
1498,H29501-04-01,295010401
1499,H29502-04-01,295020401
1500,H29503-04-01,295030401
1501,H29504-04-01,295040401
1502,H29505-04-01,295050401
1503,H29507-04-01,295070401
1504,H29508-04-01,295080401
1505,H29509-04-01,295090401
1506,H29511-04-01,295110401
1507,H29602-04-01,296020401
1508,H29602-04-02,296020402
1509,H29602-04-03,296020403
1510,H29603-04-01,296030401
1511,H29604-04-01,296040401
1512,H29604-04-02,296040402
1513,H29605-04-01,296050401
1514,H29606-04-01,296060401
1515,H29607-04-01,296070401
1516,H29608-04-01,296080401
1517,H29608-04-02,296080402
1518,H29609-04-01,296090401
1519,H29609-04-02,296090402
1520,H29610-04-01,296100401
1521,H29611-04-01,296110401
1522,H29701-04-01,297010401
1523,H29702-04-01,297020401
1524,H29702-04-02,297020402
1525,H29703-04-01,297030401
1526,H29704-04-01,297040401
1527,H29705-04-01,297050401
1528,H29706-04-01,297060401
1529,H29706-04-02,297060402
1530,H29707-04-02,297070402
1531,H29707-04-04,297070404
1532,H29708-04-01,297080401
1533,H29709-04-01,297090401
1534,H29709-04-02,297090402
1535,H29710-04-01,297100401
1536,H29801-04-01,298010401
1537,H29802-04-01,298020401
1538,H29803-04-01,298030401
1539,H29805-04-01,298050401
1540,H29806-04-01,298060401
1541,H29807-04-01,298070401
1542,H29809-04-01,298090401
1543,H29810-04-01,298100401
1544,H29901-04-01,299010401
1545,H29902-04-01,299020401
1546,H29902-04-02,299020402
1547,H29902-04-05,299020405
1548,H29902-04-06,299020406
1549,H29903-04-01,299030401
1550,H29904-04-01,299040401
1551,H29905-04-01,299050401
1552,H29906-04-01,299060401
1553,H29906-04-02,299060402
1554,H29907-04-01,299070401
1555,H29908-04-01,299080401
1556,H29908-04-02,299080402
1557,H29909-04-01,299090401
1558,H29909-04-02,299090402
1559,H29910-04-01,299100401
1560,H30002-04-02,300020402
1561,H30006-04-01,300060401
1562,H30008-04-01,300080401
1563,H30008-04-02,300080402
1564,H30009-04-01,300090401
1565,H30010-04-01,300100401
1566,H30012-04-01,300120401
1567,H30302-04-01,303020401
1568,H30303-04-01,303030401
1569,H30304-04-01,303040401
1570,H30306-04-01,303060401
1571,H30307-04-01,303070401
1572,H30308-04-01,303080401
1573,H30309-04-01,303090401
1574,H30310-04-01,303100401
1575,H30402-04-01,304020401
1576,H30403-04-01,304030401
1577,H30404-04-01,304040401
1578,H30405-04-01,304050401
1579,H30406-04-01,304060401
1580,H30407-04-01,304070401
1581,H30408-04-01,304080401
1582,H30408-04-02,304080402
1583,H30409-04-01,304090401
1584,H30411-04-01,304110401
1585,H30412-04-01,304120401
1586,H30503-04-01,305030401
1587,H30509-04-01,305090401
1588,H30510-04-01,305100401
1589,H30511-04-01,305110401
1590,H30511-04-03,305110403
1591,H30602-04-01,306020401
1592,H30603-04-01,306030401
1593,H30604-04-01,306040401
1594,H30605-04-01,306050401
1595,H30607-04-01,306070401
1596,H30608-04-01,306080401
1597,H30610-04-01,306100401
1598,H30701-04-01,307010401
1599,H30701-04-03,307010403
1600,H30702-04-01,307020401
1601,H30702-04-02,307020402
1602,H30703-04-01,307030401
1603,H30703-04-02,307030402
1604,H30704-04-01,307040401
1605,H30706-04-01,307060401
1606,H30706-04-03,307060403
1607,H30706-04-04,307060404
1608,H30707-04-01,307070401
1609,H30708-04-01,307080401
1610,H30709-04-01,307090401
1611,H30710-04-01,307100401
1612,H30802-04-01,308020401
1613,H30803-04-01,308030401
1614,H30805-04-01,308050401
1615,H30805-04-02,308050402
1616,H30806-04-01,308060401
1617,H30807-04-01,308070401
1618,H30809-04-01,308090401
1619,H30810-04-01,308100401
1620,H30811-04-01,308110401
1621,H30901-04-01,309010401
1622,H30903-04-01,309030401
1623,H30905-04-01,309050401
1624,H30906-04-01,309060401
1625,H30906-04-02,309060402
1626,H30907-04-01,309070401
1627,H30908-04-01,309080401
1628,H30909-04-01,309090401
1629,H30910-04-01,309100401
1630,H30911-04-01,309110401
1631,H31003-04-01,310030401
1632,H31004-04-01,310040401
1633,H31004-04-02,310040402
1634,H31006-04-01,310060401
1635,H31007-04-01,310070401
1636,H31008-04-01,310080401
1637,H31010-04-01,310100401
1638,H31102-04-01,311020401
1639,H31103-04-01,311030401
1640,H31105-04-01,311050401
1641,H31107-04-01,311070401
1642,H31108-04-01,311080401
1643,H31109-04-01,311090401
1644,H31109-04-02,311090402
1645,H31109-04-03,311090403
1646,H31110-04-01,311100401
1647,H31702-04-01,317020401
1648,H31703-04-01,317030401
1649,H31703-04-02,317030402
1650,H31706-04-01,317060401
1651,H31706-04-02,317060402
1652,H31707-04-01,317070401
1653,H31708-04-01,317080401
1654,H31709-04-01,317090401
1655,H31710-04-01,317100401
1656,H31902-04-01,319020401
1657,H31903-04-01,319030401
1658,H31904-04-01,319040401
1659,H31907-04-01,319070401
1660,H31908-04-01,319080401
1661,H31909-04-01,319090401
1662,H31910-04-01,319100401
1663,H32101-04-01,321010401
1664,H32102-04-01,321020401
1665,H32103-04-01,321030401
1666,H32104-04-01,321040401
1667,H32105-04-01,321050401
1668,H32106-04-01,321060401
1669,H32108-04-01,321080401
1670,H32109-04-01,321090401
1671,H32201-04-01,322010401
1672,H32202-04-01,322020401
1673,H32203-04-01,322030401
1674,H32204-04-01,322040401
1675,H32205-04-01,322050401
1676,H32205-04-02,322050402
1677,H32206-04-01,322060401
1678,H32207-04-01,322070401
1679,H32209-04-01,322090401
1680,H32408-04-01,324080401
1681,H33210-04-01,332100401
1682,H33404-04-01,334040401
1683,H33501-04-01,335010401
1684,H33502-04-01,335020401
1685,H33503-04-01,335030401
1686,H33504-04-01,335040401
1687,H33505-04-01,335050401
1688,H33506-04-01,335060401
1689,H33507-04-01,335070401
1690,H33508-04-01,335080401
1691,H33509-04-01,335090401
1692,H33510-04-01,335100401
1693,H33601-04-01,336010401
1694,H33602-04-01,336020401
1695,H33603-04-01,336030401
1696,H33604-04-01,336040401
1697,H33605-04-01,336050401
1698,H33606-04-01,336060401
1699,H33607-04-01,336070401
1700,H33608-04-01,336080401
1701,H33701-04-01,337010401
1702,H33702-04-01,337020401
1703,H33703-04-01,337030401
1704,H33704-04-01,337040401
1705,H33705-04-01,337050401
1706,H33707-04-01,337070401
1707,H33708-04-01,337080401
1708,H33709-04-01,337090401
1709,H33801-04-01,338010401
1710,H33802-04-01,338020401
1711,H33803-04-01,338030401
1712,H33804-04-01,338040401
1713,H33805-04-01,338050401
1714,H33806-04-01,338060401
1715,H33807-04-01,338070401
1716,H33808-04-01,338080401
1717,H33809-04-01,338090401
1718,H33810-04-01,338100401
1719,H33901-04-01,339010401
1720,H33902-04-01,339020401
1721,H33903-04-01,339030401
1722,H33904-04-01,339040401
1723,H33905-04-01,339050401
1724,H33907-04-01,339070401
1725,H33908-04-01,339080401
1726,H33909-04-01,339090401
1727,H33910-04-01,339100401
1728,H34001-04-01,340010401
1729,H34002-04-01,340020401
1730,H34003-04-01,340030401
1731,H34004-04-01,340040401
1732,H34005-04-01,340050401
1733,H34006-04-01,340060401
1734,H34007-04-01,340070401
1735,H34008-04-01,340080401
1736,H34010-04-01,340100401
1737,H34101-04-01,341010401
1738,H34102-04-01,341020401
1739,H34103-04-01,341030401
1740,H34104-04-01,341040401
1741,H34105-04-01,341050401
1742,H34106-04-01,341060401
1743,H34107-04-01,341070401
1744,H34108-04-01,341080401
1745,H34109-04-01,341090401
1746,H34110-04-01,341100401
1747,H34201-04-01,342010401
1748,H34202-04-01,342020401
1749,H34203-04-01,342030401
1750,H34204-04-01,342040401
1751,H34205-04-01,342050401
1752,H34206-04-01,342060401
1753,H34207-04-01,342070401
1754,H34208-04-01,342080401
1755,H34209-04-01,342090401
1756,H34210-04-01,342100401
1757,H34301-04-01,343010401
1758,H34302-04-01,343020401
1759,H34303-04-01,343030401
1760,H34304-04-01,343040401
1761,H34305-04-01,343050401
1762,H34306-04-01,343060401
1763,H34308-04-01,343080401
1764,H34309-04-01,343090401
1765,H34310-04-01,343100401
1766,H34401-04-02,344010402
1767,H34402-04-01,344020401
1768,H34403-04-01,344030401
1769,H34404-04-01,344040401
1770,H34405-04-01,344050401
1771,H34406-04-01,344060401
1772,H34407-04-01,344070401
1773,H34410-04-01,344100401
1774,H34607-04-01,346070401
1775,H34609-04-01,346090401
1776,H34610-04-01,346100401
1777,H34704-04-01,347040401
1778,H34901-04-01,349010401
1779,H34903-04-01,349030401
1780,H34908-04-01,349080401
1781,H35001-04-01,350010401
1782,H35002-04-01,350020401
1783,H35003-04-01,350030401
1784,H35004-04-01,350040401
1785,H35005-04-01,350050401
1786,H35006-04-01,350060401
1787,H35007-04-01,350070401
1788,H35008-04-01,350080401
1789,H35009-04-01,350090401
1790,H35010-04-01,350100401
1791,H35101-04-01,351010401
1792,H35102-04-01,351020401
1793,H35103-04-01,351030401
1794,H35104-04-01,351040401
1795,H35105-04-02,351050402
1796,H35106-04-01,351060401
1797,H35107-04-01,351070401
1798,H35108-04-01,351080401
1799,H35109-04-01,351090401
1800,H35110-04-01,351100401
1801,H35201-04-01,352010401
1802,H35203-04-01,352030401
1803,H35204-04-01,352040401
1804,H35205-04-01,352050401
1805,H35206-04-01,352060401
1806,H35207-04-01,352070401
1807,H35208-04-01,352080401
1808,H35210-04-01,352100401
1809,H35302-04-01,353020401
1810,H35305-04-01,353050401
1811,H35306-04-01,353060401
1812,H35401-04-01,354010401
1813,H35402-04-01,354020401
1814,H35403-04-01,354030401
1815,H35404-04-01,354040401
1816,H35405-04-01,354050401
1817,H35406-04-01,354060401
1818,H35407-04-01,354070401
1819,H35408-04-01,354080401
1820,H35409-04-01,354090401
1821,H35410-04-01,354100401
1822,H35501-04-01,355010401
1823,H35502-04-01,355020401
1824,H35504-04-01,355040401
1825,H35505-04-01,355050401
1826,H35506-04-01,355060401
1827,H35507-04-01,355070401
1828,H35508-04-01,355080401
1829,H35509-04-02,355090402
1830,H35510-04-01,355100401
1831,H35601-04-01,356010401
1832,H35602-04-01,356020401
1833,H35603-04-01,356030401
1834,H35604-04-01,356040401
1835,H35605-04-01,356050401
1836,H35606-04-01,356060401
1837,H35607-04-01,356070401
1838,H35608-04-01,356080401
1839,H35609-04-01,356090401
1840,H35610-04-01,356100401
1841,H35701-04-01,357010401
1842,H35702-04-01,357020401
1843,H35703-04-01,357030401
1844,H35704-04-01,357040401
1845,H35705-04-01,357050401
1846,H35706-04-01,357060401
1847,H35707-04-01,357070401
1848,H35708-04-01,357080401
1849,H35709-04-01,357090401
1850,H35710-04-01,357100401
1851,H35801-04-01,358010401
1852,H35802-04-01,358020401
1853,H35803-04-01,358030401
1854,H35804-04-01,358040401
1855,H35805-04-01,358050401
1856,H35806-04-01,358060401
1857,H35807-04-01,358070401
1858,H35808-04-01,358080401
1859,H35809-04-01,358090401
1860,H35810-04-01,358100401
1861,H35901-04-01,359010401
1862,H35902-04-01,359020401
1863,H35903-04-01,359030401
1864,H35904-04-01,359040401
1865,H35905-04-01,359050401
1866,H35906-04-01,359060401
1867,H35907-04-01,359070401
1868,H35908-04-01,359080401
1869,H35909-04-01,359090401
1870,H35910-04-01,359100401
1871,H36001-04-01,360010401
1872,H36002-04-01,360020401
1873,H36003-04-01,360030401
1874,H36004-04-01,360040401
1875,H36005-04-01,360050401
1876,H36006-04-01,360060401
1877,H36007-04-01,360070401
1878,H36008-04-01,360080401
1879,H36009-04-01,360090401
1880,H36010-04-01,360100401
1881,H36101-04-01,361010401
1882,H36102-04-01,361020401
1883,H36103-04-01,361030401
1884,H36104-04-01,361040401
1885,H36105-04-01,361050401
1886,H36106-04-01,361060401
1887,H36107-04-01,361070401
1888,H36108-04-01,361080401
1889,H36109-04-01,361090401
1890,H36110-04-01,361100401
1891,H36201-04-01,362010401
1892,H36202-04-01,362020401
1893,H36203-04-01,362030401
1894,H36205-04-01,362050401
1895,H36206-04-01,362060401
1896,H36207-04-01,362070401
1897,H36208-04-01,362080401
1898,H36209-04-01,362090401
1899,H36210-04-01,362100401
1900,H36304-04-01,363040401
1901,H36308-04-01,363080401
1902,H36309-04-01,363090401
1903,H36401-04-01,364010401
1904,H36402-04-01,364020401
1905,H36403-04-01,364030401
1906,H36404-04-01,364040401
1907,H36405-04-01,364050401
1908,H36406-04-01,364060401
1909,H36407-04-01,364070401
1910,H36408-04-01,364080401
1911,H36409-04-01,364090401
1912,H36410-04-01,364100401
1913,H36501-04-01,365010401
1914,H36502-04-01,365020401
1915,H36503-04-01,365030401
1916,H36504-04-01,365040401
1917,H36505-04-01,365050401
1918,H36506-04-01,365060401
1919,H36507-04-01,365070401
1920,H36508-04-01,365080401
1921,H36509-04-01,365090401
1922,H36602-04-01,366020401
1923,H36603-04-01,366030401
1924,H36605-04-01,366050401
1925,H36606-04-01,366060401
1926,H36607-04-01,366070401
1927,H36608-04-01,366080401
1928,H36609-04-01,366090401
1929,H36610-04-01,366100401
1930,H36701-04-01,367010401
1931,H36702-04-01,367020401
1932,H36705-04-01,367050401
1933,H36706-04-01,367060401
1934,H36707-04-01,367070401
1935,H36708-04-01,367080401
1936,H36709-04-01,367090401
1937,H36710-04-01,367100401
1938,H36801-04-01,368010401
1939,H36802-04-01,368020401
1940,H36803-04-01,368030401
1941,H36804-04-01,368040401
1942,H36805-04-01,368050401
1943,H36806-04-01,368060401
1944,H36807-04-01,368070401
1945,H36809-04-01,368090401
1946,H36901-04-01,369010401
1947,H36902-04-01,369020401
1948,H36903-04-01,369030401
1949,H36904-04-01,369040401
1950,H36905-04-01,369050401
1951,H36906-04-01,369060401
1952,H36907-04-01,369070401
1953,H36908-04-01,369080401
1954,H36910-04-01,369100401
1955,H37001-04-01,370010401
1956,H37002-04-01,370020401
1957,H37003-04-01,370030401
1958,H37004-04-01,370040401
1959,H37005-04-01,370050401
1960,H37006-04-01,370060401
1961,H37007-04-01,370070401
1962,H37008-04-01,370080401
1963,H37009-04-01,370090401
1964,H37010-04-01,370100401
1965,H37101-04-01,371010401
1966,H37102-04-01,371020401
1967,H37103-04-01,371030401
1968,H37104-04-01,371040401
1969,H37105-04-01,371050401
1970,H37106-04-01,371060401
1971,H37107-04-01,371070401
1972,H37108-04-01,371080401
1973,H37110-04-01,371100401
1974,H37201-04-01,372010401
1975,H37202-04-01,372020401
1976,H37203-04-01,372030401
1977,H37204-04-01,372040401
1978,H37205-04-01,372050401
1979,H37206-04-01,372060401
1980,H37207-04-01,372070401
1981,H37208-04-01,372080401
1982,H37209-04-01,372090401
1983,H37210-04-01,372100401
1984,H37301-04-01,373010401
1985,H37302-04-01,373020401
1986,H37303-04-01,373030401
1987,H37304-04-01,373040401
1988,H37305-04-01,373050401
1989,H37306-04-01,373060401
1990,H37307-04-01,373070401
1991,H37308-04-01,373080401
1992,H37309-04-01,373090401
1993,H37310-04-01,373100401
1994,H37401-04-01,374010401
1995,H37403-04-01,374030401
1996,H37404-04-01,374040401
1997,H37405-04-01,374050401
1998,H37406-04-01,374060401
1999,H37407-04-01,374070401
2000,H37408-04-01,374080401
2001,H37409-04-01,374090401
2002,H37410-04-01,374100401
2003,H37501-04-01,375010401
2004,H37502-04-01,375020401
2005,H37503-04-01,375030401
2006,H37504-04-01,375040401
2007,H37505-04-01,375050401
2008,H37506-04-01,375060401
2009,H37507-04-01,375070401
2010,H37508-04-01,375080401
2011,H37509-04-01,375090401
2012,H37510-04-01,375100401
2013,H37601-04-01,376010401
2014,H37602-04-02,376020402
2015,H37603-04-01,376030401
2016,H37604-04-01,376040401
2017,H37605-04-01,376050401
2018,H37606-04-01,376060401
2019,H37607-04-01,376070401
2020,H37608-04-01,376080401
2021,H37609-04-01,376090401
2022,H37610-04-01,376100401
2023,H37701-04-01,377010401
2024,H37702-04-01,377020401
2025,H37703-04-01,377030401
2026,H37704-04-01,377040401
2027,H37705-04-01,377050401
2028,H37706-04-01,377060401
2029,H37707-04-01,377070401
2030,H37708-04-01,377080401
2031,H37709-04-01,377090401
2032,H37710-04-01,377100401
2033,H37801-04-01,378010401
2034,H37802-04-01,378020401
2035,H37803-04-01,378030401
2036,H37804-04-01,378040401
2037,H37805-04-01,378050401
2038,H37806-04-01,378060401
2039,H37807-04-01,378070401
2040,H37808-04-01,378080401
2041,H37809-04-01,378090401
2042,H37810-04-01,378100401
2043,H37901-04-01,379010401
2044,H37902-04-01,379020401
2045,H37903-04-01,379030401
2046,H37905-04-01,379050401
2047,H37906-04-01,379060401
2048,H37907-04-01,379070401
2049,H37908-04-01,379080401
2050,H37909-04-01,379090401
2051,H37910-04-01,379100401
2052,H38001-04-01,380010401
2053,H38004-04-01,380040401
2054,H38006-04-01,380060401
2055,H38007-04-01,380070401
2056,H38008-04-01,380080401
2057,H38009-04-01,380090401
2058,H38010-04-01,380100401
2059,H38101-04-01,381010401
2060,H38102-04-01,381020401
2061,H38103-04-01,381030401
2062,H38104-04-01,381040401
2063,H38105-04-01,381050401
2064,H38106-04-01,381060401
2065,H38107-04-01,381070401
2066,H38108-04-01,381080401
2067,H38109-04-01,381090401
2068,H38110-04-01,381100401
2069,H38201-04-01,382010401
2070,H38202-04-01,382020401
2071,H38203-04-01,382030401
2072,H38204-04-01,382040401
2073,H38206-04-01,382060401
2074,H38207-04-01,382070401
2075,H38208-04-01,382080401
2076,H38209-04-01,382090401
2077,H38301-04-01,383010401
2078,H38302-04-01,383020401
2079,H38303-04-01,383030401
2080,H38304-04-01,383040401
2081,H38305-04-01,383050401
2082,H38308-04-01,383080401
2083,H38309-04-01,383090401
2084,H38310-04-01,383100401
2085,H38401-04-01,384010401
2086,H38402-04-01,384020401
2087,H38403-04-01,384030401
2088,H38404-04-01,384040401
2089,H38405-04-01,384050401
2090,H38406-04-01,384060401
2091,H38407-04-01,384070401
2092,H38408-04-01,384080401
2093,H38410-04-01,384100401
2094,H38501-04-01,385010401
2095,H38502-04-01,385020401
2096,H38503-04-01,385030401
2097,H38504-04-01,385040401
2098,H38505-04-01,385050401
2099,H38506-04-01,385060401
2100,H38507-04-01,385070401
2101,H38508-04-01,385080401
2102,H38509-04-01,385090401
2103,H38510-04-01,385100401
2104,H38601-04-01,386010401
2105,H38602-04-01,386020401
2106,H38603-04-01,386030401
2107,H38604-04-01,386040401
2108,H38605-04-01,386050401
2109,H38606-04-01,386060401
2110,H38607-04-01,386070401
2111,H38608-04-01,386080401
2112,H38609-04-01,386090401
2113,H38610-04-01,386100401
2114,H38701-04-01,387010401
2115,H38702-04-01,387020401
2116,H38703-04-01,387030401
2117,H38704-04-01,387040401
2118,H38705-04-01,387050401
2119,H38706-04-01,387060401
2120,H38707-04-01,387070401
2121,H38708-04-01,387080401
2122,H38709-04-01,387090401
2123,H38710-04-01,387100401
2124,H38801-04-01,388010401
2125,H38802-04-01,388020401
2126,H38803-04-01,388030401
2127,H38804-04-01,388040401
2128,H38805-04-01,388050401
2129,H38806-04-01,388060401
2130,H38807-04-01,388070401
2131,H38808-04-01,388080401
2132,H38809-04-01,388090401
2133,H38905-04-01,389050401
2134,H39001-04-01,390010401
2135,H39002-04-01,390020401
2136,H39003-04-01,390030401
2137,H39004-04-01,390040401
2138,H39005-04-01,390050401
2139,H39006-04-01,390060401
2140,H39007-04-01,390070401
2141,H39008-04-01,390080401
2142,H39009-04-01,390090401
2143,H39010-04-01,390100401
2144,H39101-04-01,391010401
2145,H39102-04-01,391020401
2146,H39103-04-01,391030401
2147,H39104-04-01,391040401
2148,H39105-04-01,391050401
2149,H39106-04-01,391060401
2150,H39107-04-01,391070401
2151,H39109-04-01,391090401
2152,H39110-04-01,391100401
2153,H39301-04-01,393010401
2154,H39302-04-01,393020401
2155,H39303-04-01,393030401
2156,H39304-04-01,393040401
2157,H39305-04-01,393050401
2158,H39307-04-01,393070401
2159,H39308-04-01,393080401
2160,H39309-04-01,393090401
2161,H39310-04-01,393100401
2162,H39401-04-01,394010401
2163,H39402-04-01,394020401
2164,H39403-04-01,394030401
2165,H39404-04-01,394040401
2166,H39405-04-01,394050401
2167,H39406-04-01,394060401
2168,H39407-04-01,394070401
2169,H39408-04-01,394080401
2170,H39409-04-01,394090401
2171,H39410-04-01,394100401
2172,H39501-04-01,395010401
2173,H39502-04-01,395020401
2174,H39503-04-01,395030401
2175,H39504-04-01,395040401
2176,H39505-04-01,395050401
2177,H39506-04-01,395060401
2178,H39507-04-01,395070401
2179,H39509-04-01,395090401
2180,H39510-04-01,395100401
2181,H39601-04-01,396010401
2182,H39602-04-01,396020401
2183,H39603-04-01,396030401
2184,H39604-04-01,396040401
2185,H39605-04-01,396050401
2186,H39606-04-01,396060401
2187,H39607-04-01,396070401
2188,H39608-04-01,396080401
2189,H39609-04-01,396090401
2190,H39610-04-01,396100401
2191,H39701-04-01,397010401
2192,H39702-04-01,397020401
2193,H39703-04-01,397030401
2194,H39704-04-01,397040401
2195,H39705-04-01,397050401
2196,H39706-04-01,397060401
2197,H39707-04-01,397070401
2198,H39708-04-01,397080401
2199,H39709-04-01,397090401
2200,H39710-04-01,397100401
2201,H39801-04-01,398010401
2202,H39802-04-01,398020401
2203,H39803-04-01,398030401
2204,H39804-04-01,398040401
2205,H39805-04-01,398050401
2206,H39806-04-01,398060401
2207,H39807-04-01,398070401
2208,H39808-04-01,398080401
2209,H39809-04-01,398090401
2210,H39810-04-01,398100401
2211,H39901-04-01,399010401
2212,H39902-04-01,399020401
2213,H39903-04-01,399030401
2214,H39904-04-01,399040401
2215,H39905-04-01,399050401
2216,H39906-04-01,399060401
2217,H39907-04-01,399070401
2218,H39908-04-01,399080401
2219,H39909-04-01,399090401
2220,H39910-04-01,399100401
2221,H40001-04-01,400010401
2222,H40002-04-01,400020401
2223,H40003-04-01,400030401
2224,H40004-04-01,400040401
2225,H40005-04-02,400050402
2226,H40006-04-01,400060401
2227,H40007-04-01,400070401
2228,H40008-04-01,400080401
2229,H40009-04-01,400090401
2230,H40010-04-01,400100401
2231,H40101-04-01,401010401
2232,H40103-04-01,401030401
2233,H40104-04-01,401040401
2234,H40105-04-01,401050401
2235,H40106-04-01,401060401
2236,H40107-04-01,401070401
2237,H40108-04-01,401080401
2238,H40109-04-01,401090401
2239,H40110-04-01,401100401
2240,H40201-04-01,402010401
2241,H40202-04-01,402020401
2242,H40203-04-01,402030401
2243,H40204-04-01,402040401
2244,H40205-04-01,402050401
2245,H40206-04-01,402060401
2246,H40207-04-01,402070401
2247,H40208-04-01,402080401
2248,H40209-04-01,402090401
2249,H40210-04-01,402100401
2250,H40301-04-01,403010401
2251,H40302-04-01,403020401
2252,H40303-04-01,403030401
2253,H40304-04-01,403040401
2254,H40305-04-01,403050401
2255,H40306-04-01,403060401
2256,H40307-04-01,403070401
2257,H40308-04-01,403080401
2258,H40309-04-01,403090401
2259,H40310-04-01,403100401
2260,H40401-04-01,404010401
2261,H40402-04-01,404020401
2262,H40403-04-01,404030401
2263,H40404-04-01,404040401
2264,H40405-04-01,404050401
2265,H40406-04-01,404060401
2266,H40407-04-01,404070401
2267,H40408-04-01,404080401
2268,H40409-04-01,404090401
2269,H40410-04-01,404100401
2270,H40501-04-01,405010401
2271,H40502-04-01,405020401
2272,H40503-04-01,405030401
2273,H40504-04-01,405040401
2274,H40505-04-01,405050401
2275,H40506-04-01,405060401
2276,H40507-04-01,405070401
2277,H40508-04-01,405080401
2278,H40509-04-01,405090401
2279,H40510-04-01,405100401
2280,H40601-04-01,406010401
2281,H40603-04-01,406030401
2282,H40607-04-01,406070401
2283,H40609-04-01,406090401
2284,H40701-04-01,407010401
2285,H40702-04-01,407020401
2286,H40703-04-01,407030401
2287,H40704-04-01,407040401
2288,H40705-04-01,407050401
2289,H40707-04-01,407070401
2290,H40708-04-01,407080401
2291,H40709-04-01,407090401
2292,H40710-04-01,407100401
2293,H40801-04-01,408010401
2294,H40802-04-01,408020401
2295,H40804-04-01,408040401
2296,H40805-04-01,408050401
2297,H40806-04-01,408060401
2298,H40808-04-01,408080401
2299,H40809-04-01,408090401
2300,H40810-04-01,408100401
2301,H40901-04-01,409010401
2302,H40902-04-01,409020401
2303,H40903-04-01,409030401
2304,H40904-04-01,409040401
2305,H40905-04-01,409050401
2306,H40906-04-01,409060401
2307,H40908-04-01,409080401
2308,H40909-04-01,409090401
2309,H40910-04-01,409100401
2310,H41001-04-01,410010401
2311,H41002-04-01,410020401
2312,H41003-04-01,410030401
2313,H41004-04-01,410040401
2314,H41005-04-01,410050401
2315,H41006-04-01,410060401
2316,H41007-04-01,410070401
2317,H41008-04-01,410080401
2318,H41009-04-01,410090401
2319,H41010-04-01,410100401
2320,H41101-04-01,411010401
2321,H41102-04-01,411020401
2322,H41103-04-01,411030401
2323,H41104-04-01,411040401
2324,H41106-04-01,411060401
2325,H41107-04-01,411070401
2326,H41108-04-01,411080401
2327,H41109-04-01,411090401
2328,H41110-04-01,411100401
2329,H41201-04-01,412010401
2330,H41205-04-01,412050401
2331,H41206-04-01,412060401
2332,H41207-04-01,412070401
2333,H41208-04-01,412080401
2334,H41210-04-01,412100401
2335,H41301-04-01,413010401
2336,H41302-04-01,413020401
2337,H41303-04-01,413030401
2338,H41304-04-01,413040401
2339,H41305-04-01,413050401
2340,H41306-04-01,413060401
2341,H41307-04-01,413070401
2342,H41308-04-01,413080401
2343,H41309-04-01,413090401
2344,H41310-04-01,413100401
2345,H41401-04-01,414010401
2346,H41402-04-01,414020401
2347,H41403-04-01,414030401
2348,H41404-04-01,414040401
2349,H41405-04-01,414050401
2350,H41406-04-01,414060401
2351,H41407-04-01,414070401
2352,H41408-04-01,414080401
2353,H41409-04-01,414090401
2354,H41410-04-01,414100401
2355,H41501-04-01,415010401
2356,H41502-04-01,415020401
2357,H41503-04-01,415030401
2358,H41504-04-01,415040401
2359,H41505-04-01,415050401
2360,H41508-04-01,415080401
2361,H41509-04-01,415090401
2362,H41510-04-01,415100401
2363,H41603-04-01,416030401
2364,H41607-04-01,416070401
2365,H41701-04-01,417010401
2366,H41702-04-01,417020401
2367,H41703-04-01,417030401
2368,H41704-04-01,417040401
2369,H41705-04-01,417050401
2370,H41706-04-01,417060401
2371,H41707-04-01,417070401
2372,H41708-04-01,417080401
2373,H41709-04-01,417090401
2374,H41710-04-01,417100401
2375,H41801-04-01,418010401
2376,H41802-04-01,418020401
2377,H41803-04-01,418030401
2378,H41804-04-01,418040401
2379,H41805-04-01,418050401
2380,H41806-04-01,418060401
2381,H41807-04-01,418070401
2382,H41808-04-01,418080401
2383,H41809-04-01,418090401
2384,H41810-04-01,418100401
2385,H41901-04-01,419010401
2386,H41902-04-01,419020401
2387,H41903-04-01,419030401
2388,H41904-04-01,419040401
2389,H41905-04-01,419050401
2390,H41906-04-01,419060401
2391,H41907-04-01,419070401
2392,H41908-04-01,419080401
2393,H41909-04-01,419090401
2394,H41910-04-01,419100401
2395,H42001-04-01,420010401
2396,H42003-04-01,420030401
2397,H42004-04-01,420040401
2398,H42006-04-01,420060401
2399,H42007-04-01,420070401
2400,H42008-04-01,420080401
2401,H42009-04-01,420090401
2402,H42010-04-01,420100401
2403,H42101-04-01,421010401
2404,H42102-04-01,421020401
2405,H42103-04-01,421030401
2406,H42104-04-01,421040401
2407,H42105-04-01,421050401
2408,H42106-04-01,421060401
2409,H42107-04-01,421070401
2410,H42108-04-01,421080401
2411,H42109-04-01,421090401
2412,H42110-04-01,421100401
2413,H42201-04-02,422010402
2414,H42202-04-01,422020401
2415,H42203-04-01,422030401
2416,H42204-04-01,422040401
2417,H42205-04-01,422050401
2418,H42206-04-01,422060401
2419,H42207-04-01,422070401
2420,H42208-04-01,422080401
2421,H42210-04-01,422100401
2422,H42301-04-01,423010401
2423,H42302-04-01,423020401
2424,H42303-04-01,423030401
2425,H42304-04-01,423040401
2426,H42307-04-01,423070401
2427,H42308-04-01,423080401
2428,H42309-04-01,423090401
2429,H42310-04-01,423100401
2430,H42401-04-01,424010401
2431,H42403-04-01,424030401
2432,H42404-04-02,424040402
2433,H42405-04-01,424050401
2434,H42406-04-01,424060401
2435,H42408-04-01,424080401
2436,H42410-04-01,424100401
2437,H42501-04-01,425010401
2438,H42502-04-01,425020401
2439,H42503-04-01,425030401
2440,H42504-04-01,425040401
2441,H42505-04-01,425050401
2442,H42506-04-01,425060401
2443,H42507-04-01,425070401
2444,H42508-04-01,425080401
2445,H42509-04-01,425090401
2446,H42510-04-01,425100401
2447,H42602-04-01,426020401
2448,H42603-04-01,426030401
2449,H42604-04-01,426040401
2450,H42605-04-01,426050401
2451,H42607-04-01,426070401
2452,H42608-04-01,426080401
2453,H42609-04-01,426090401
2454,H42610-04-01,426100401
2455,H42701-04-01,427010401
2456,H42702-04-01,427020401
2457,H42703-04-01,427030401
2458,H42704-04-01,427040401
2459,H42705-04-01,427050401
2460,H42706-04-01,427060401
2461,H42707-04-01,427070401
2462,H42708-04-01,427080401
2463,H42709-04-01,427090401
2464,H42710-04-01,427100401
2465,H42801-04-01,428010401
2466,H42802-04-01,428020401
2467,H42803-04-01,428030401
2468,H42804-04-01,428040401
2469,H42805-04-01,428050401
2470,H42806-04-01,428060401
2471,H42807-04-01,428070401
2472,H42808-04-01,428080401
2473,H42809-04-01,428090401
2474,H42810-04-01,428100401
2475,H42901-04-01,429010401
2476,H42902-04-01,429020401
2477,H42903-04-01,429030401
2478,H42904-04-01,429040401
2479,H42905-04-01,429050401
2480,H42906-04-01,429060401
2481,H42907-04-01,429070401
2482,H42908-04-01,429080401
2483,H42909-04-01,429090401
2484,H42910-04-01,429100401
2485,H43001-04-01,430010401
2486,H43002-04-01,430020401
2487,H43003-04-01,430030401
2488,H43004-04-01,430040401
2489,H43005-04-01,430050401
2490,H43006-04-01,430060401
2491,H43007-04-01,430070401
2492,H43008-04-01,430080401
2493,H43009-04-01,430090401
2494,H43010-04-01,430100401
